а-ось	жен
абака	жен
аббат	муж
абвер	муж
абзац	муж
аборт	муж
абрек	муж
абрис	муж
абхаз	муж
абцуг	муж
аваль	муж
аванс	муж
авгит	муж
авгур	муж
авеню	жен
аверс	муж
авизо	ср
авлос	муж
авост	муж
аврал	муж
авран	муж
автол	муж
автор	муж
агава	жен
агама	жен
агами	жен
агенс	муж
агент	муж
агнат	муж
агнец	муж
агора	жен
аграф	муж
агути	муж
адепт	муж
админ	муж
адрес	муж
адрон	муж
ажгон	муж
азарт	муж
азиат	муж
айван	муж
аймак	муж
аймар	муж
айран	муж
айрол	муж
айсор	муж
айфон	муж
акажу	ср
акант	муж
аканф	муж
акрил	муж
акрон	муж
аксес	муж
аксон	муж
актив	муж
актин	муж
актор	муж
актёр	муж
акула	жен
акциз	муж
акция	жен
алгол	муж
алеут	муж
алиби	ср
алкаш	муж
алкил	муж
аллах	муж
аллея	жен
аллил	муж
аллод	муж
аллюр	муж
алмаз	муж
алоин	муж
алтей	муж
алтея	жен
алтын	муж
алчба	жен
алыча	жен
альба	жен
альфа	жен
амбал	муж
амбар	муж
амбра	жен
амбре	ср
амвон	муж
аморф	муж
ампер	муж
ампир	муж
амёба	жен
ангар	муж
ангел	муж
ангоб	муж
аниме	ср
анион	муж
анкас	муж
анкер	муж
аннит	муж
анонс	муж
антей	муж
антик	муж
антье	ср
анчар	муж
аорта	жен
апекс	муж
апорт	муж
апрош	муж
арбуз	муж
аргал	муж
аргон	муж
аргус	муж
арден	муж
ареал	муж
арека	жен
арена	жен
арест	муж
ариец	муж
аркан	муж
аркоз	муж
армия	жен
армюр	муж
армяк	муж
арпан	муж
арсис	муж
артос	муж
архар	муж
архат	муж
архив	муж
арчак	муж
аршин	муж
асана	жен
аскер	муж
аскет	муж
аспид	муж
ассаи	ср
астат	муж
астма	жен
астра	жен
асцит	муж
аська	жен
атака	жен
атлас	муж
атлет	муж
атоле	жен
атолл	муж
атрий	муж
аттик	муж
аудио	ср
аудит	муж
аурат	муж
афера	жен
афиша	жен
африт	муж
ахеец	муж
ацтек	муж
ашрам	муж
аэроб	муж
аэрон	муж
бабай	муж
бабка	жен
бабло	ср
бабьё	ср
багаж	муж
багер	муж
багет	муж
багор	муж
бадан	муж
бадья	жен
базар	муж
базис	муж
байка	жен
бакан	муж
бакен	муж
балда	общ
балей	муж
балет	муж
балка	жен
балык	муж
бальи	муж
бамия	жен
банан	муж
банда	жен
банди	жен
банер	муж
банка	жен
барак	муж
баран	муж
барби	жен
бареж	муж
баржа	жен
барий	муж
барин	муж
барит	муж
барич	муж
барка	жен
барон	муж
барыш	муж
баска	жен
басма	жен
басня	жен
басок	муж
басон	муж
бастр	муж
батан	муж
батат	муж
батик	муж
батог	муж
батон	муж
батуд	муж
батун	муж
батут	муж
батыр	муж
бафия	жен
бафта	жен
бахча	жен
бачок	муж
башка	жен
башня	жен
бегун	муж
бедро	ср
безик	муж
бейдж	муж
бейка	жен
бейра	жен
бекар	муж
бекас	муж
бекон	муж
белец	муж
белка	жен
белок	муж
бельё	ср
беляк	муж
беляш	муж
белёк	муж
берег	муж
берет	муж
берил	муж
берма	жен
берцо	ср
бетон	муж
бибоп	муж
бивак	муж
бигус	муж
бидон	муж
бизон	муж
билет	муж
билль	муж
бинго	ср
бином	муж
бионт	муж
биота	жен
биржа	жен
бирка	жен
бирюк	муж
бирюч	муж
бисер	муж
бистр	муж
битва	жен
битер	муж
биток	муж
битум	муж
битьё	ср
битюг	муж
бишоп	муж
благо	ср
блажь	жен
бланк	муж
бласт	муж
блеск	муж
близь	жен
блинд	муж
блинк	муж
блинт	муж
блоха	жен
блуза	жен
блюдо	ср
блюмс	муж
блядь	жен
бляха	жен
бобик	муж
бобок	муж
бобёр	муж
богач	муж
бодун	муж
бодяк	муж
божба	жен
божок	муж
бозон	муж
боинг	муж
бойня	жен
бокал	муж
бокка	жен
болид	муж
болюс	муж
бомба	жен
бонго	муж
бонза	муж
бонмо	ср
бонна	жен
бонус	муж
борат	муж
бордо	ср
борей	муж
борец	муж
борид	муж
боров	муж
борть	жен
босяк	муж
ботан	муж
ботва	жен
ботик	муж
бочаг	муж
бочар	муж
бочка	жен
бочок	муж
брага	жен
брада	жен
брань	жен
брасс	муж
бреве	ср
брейк	муж
бремя	ср
бренд	муж
брешь	жен
бридж	муж
бритт	муж
бровь	жен
бронх	муж
бронь	жен
броня	жен
брошь	жен
брыла	жен
брэнд	муж
брюхо	ср
бубал	муж
бубен	муж
бубна	жен
бубон	муж
бугай	муж
бугор	муж
будда	муж
будка	жен
будра	жен
бузун	муж
букан	муж
буква	жен
букер	муж
букет	муж
букле	ср
букля	жен
букса	жен
булат	муж
булга	жен
булка	жен
булла	жен
бульб	муж
бурав	муж
бурак	муж
буран	муж
бурат	муж
бурда	жен
бурет	муж
бурка	общ
бурса	жен
бурун	муж
бурят	муж
бутан	муж
бутик	муж
бутил	муж
бутон	муж
бутса	жен
бутуз	муж
буфер	муж
буфет	муж
бухло	ср
бухта	жен
быдло	ср
быльё	ср
бытие	ср
бытиё	ср
бычок	муж
бьюик	муж
бэкус	муж
бювар	муж
бювет	муж
бяшка	жен
бёрдо	ср
бёрце	ср
вабик	муж
вагон	муж
вазон	муж
вакат	муж
вакса	жен
валах	муж
валер	муж
валет	муж
валец	муж
валик	муж
валка	жен
валок	муж
валуй	муж
валун	муж
валух	муж
вальс	муж
валёк	муж
ванна	жен
ванта	жен
варан	муж
варка	жен
варяг	муж
ватер	муж
ватин	муж
ватка	жен
вафля	жен
вахня	жен
вахта	жен
вброс	муж
вдова	жен
вебка	жен
ведда	жен
ведро	ср
ведун	муж
вежда	жен
вейка	муж
векша	жен
велик	муж
вельд	муж
вельс	муж
велюр	муж
венгр	муж
венед	муж
венет	муж
венец	муж
веник	муж
венка	жен
венок	муж
вента	жен
вепрь	муж
верба	жен
вервь	жен
веред	муж
верес	муж
верея	жен
верже	ср
верфь	жен
верша	жен
весло	ср
весна	жен
весть	жен
ветвь	жен
ветер	муж
ветка	жен
ветла	жен
вечер	муж
вешка	жен
вещун	муж
взвар	муж
взвод	муж
взвоз	муж
вздор	муж
вздох	муж
взлом	муж
взлёт	муж
взмах	муж
взмыв	муж
взмёт	муж
взнос	муж
взрез	муж
взрыв	муж
взыск	муж
вивёр	муж
видео	ср
видик	муж
визир	муж
визит	муж
вилка	жен
вилла	жен
вилок	муж
винил	муж
винцо	ср
виола	жен
виоль	жен
вираж	муж
вирус	муж
виски	муж
висок	муж
вития	общ
виток	муж
витьё	ср
вихор	муж
вихрь	муж
вишня	жен
вклад	муж
влага	жен
внука	жен
вобла	жен
вогул	муж
водка	жен
вожак	муж
вождь	муж
вожжа	жен
возка	жен
возня	жен
возок	муж
война	жен
вокал	муж
волан	муж
волга	жен
волна	жен
волок	муж
волос	муж
волох	муж
волхв	муж
вольт	муж
вомер	муж
вопль	муж
ворог	муж
ворон	муж
ворот	муж
ворох	муж
вотум	муж
вотяк	муж
вошка	жен
вояка	муж
впуск	муж
враль	муж
время	ср
вруша	общ
вскок	муж
всход	муж
втора	жен
вуаль	жен
въезд	муж
выбег	муж
выбор	муж
вывал	муж
вывих	муж
вывод	муж
вывоз	муж
выгиб	муж
выгон	муж
выгул	муж
выдел	муж
выдох	муж
выдра	жен
выезд	муж
выжиг	муж
выжим	муж
вызов	муж
вызол	муж
выкат	муж
выкос	муж
выкуп	муж
выкус	муж
вылаз	муж
вылет	муж
вылов	муж
вылом	муж
вымол	муж
вынос	муж
выпад	муж
выпал	муж
выпар	муж
выпас	муж
выпек	муж
выпор	муж
выпот	муж
вырез	муж
выруб	муж
высев	муж
высед	муж
высов	муж
вытьё	ср
выход	муж
вычет	муж
вышаг	муж
вышка	жен
вьюга	жен
вязка	жен
вятич	муж
вятка	жен
вёдро	ср
гавот	муж
гагат	муж
газик	муж
газон	муж
гайал	муж
гайда	жен
гайка	жен
галид	муж
галит	муж
галка	жен
галон	муж
галоп	муж
галун	муж
гамак	муж
гамен	муж
гамма	жен
ганаш	муж
ганец	муж
ганит	муж
ганка	жен
гараж	муж
гарда	жен
гарем	муж
гарус	муж
гаучо	муж
гачек	муж
гашиш	муж
гаюин	муж
гбайт	муж
гвалт	муж
гевея	жен
гейша	жен
гелий	муж
гемма	жен
гений	муж
геном	муж
генри	муж
геоид	муж
герей	муж
герма	жен
герой	муж
гетра	жен
гетто	ср
гибдд	жен
гидра	жен
гиена	жен
гилея	жен
гиляк	муж
гимен	муж
гинея	жен
гиоид	муж
гипюр	муж
гирей	муж
гирка	жен
гирло	ср
гитов	муж
гичка	жен
глава	общ
главк	муж
гладь	жен
глайд	муж
глень	жен
глина	жен
глипт	муж
глист	муж
глубь	жен
глушь	жен
глыба	жен
глюон	муж
гмина	жен
гнейс	муж
гнида	жен
гниль	жен
гнома	жен
гнусь	жен
гобан	муж
гоббл	муж
гобой	муж
говно	ср
говор	муж
гогот	муж
годик	муж
годок	муж
голец	муж
голик	муж
голод	муж
голос	муж
голыш	муж
гольд	муж
гольф	муж
гольё	ср
голяк	муж
гомик	муж
гомон	муж
гонец	муж
гонка	жен
гонор	муж
гопак	муж
горал	муж
горец	муж
горжа	жен
горка	жен
горло	ср
город	муж
горох	муж
горст	муж
горюн	муж
гость	муж
гофер	муж
гохуа	жен
грамм	муж
гранд	муж
грант	муж
грань	жен
граус	муж
графа	жен
грена	жен
греча	жен
грива	жен
гридь	муж
гриль	муж
гриот	муж
грипп	муж
гроза	жен
грозд	муж
гросс	муж
груда	жен
грудь	жен
грунт	муж
груша	жен
грыжа	жен
гряда	жен
грязь	жен
грёза	жен
гуава	жен
гуано	ср
гуари	жен
гуашь	жен
губан	муж
губка	жен
гудок	муж
гужон	муж
гузка	жен
гузно	ср
гукер	муж
гулаг	муж
гуляш	муж
гумбо	жен
гумин	муж
гумит	муж
гумма	жен
гумми	ср
гумно	ср
гумус	муж
гуран	муж
гурия	жен
гуркх	муж
гусак	муж
гусар	муж
гусит	муж
гусёк	муж
гуцул	муж
гюрза	жен
гётит	муж
давка	жен
дазар	муж
дайка	жен
даймё	муж
дайна	жен
дайон	муж
дайра	жен
далия	жен
даман	муж
дамба	жен
дамка	жен
дамно	ср
данио	муж
дарик	муж
дартс	муж
дацан	муж
дацит	муж
дачка	жен
дверь	жен
дебет	муж
дебил	муж
дебит	муж
дебош	муж
дебют	муж
девиз	муж
девка	жен
девон	муж
дегра	жен
дедка	муж
деизм	муж
деист	муж
декан	муж
декор	муж
делец	муж
делёж	муж
демон	муж
демос	муж
денге	ср
денди	муж
денёк	муж
дерба	жен
дерби	ср
дерма	жен
дерть	жен
десна	жен
десть	жен
детва	жен
детка	жен
дефис	муж
джайв	муж
джайн	муж
джига	жен
джинн	муж
дзета	жен
дзори	ср
дзэта	жен
дзюдо	ср
диада	жен
диван	муж
диета	жен
дилер	муж
димер	муж
динар	муж
динас	муж
динго	муж
диско	ср
дихта	жен
дичок	муж
диэдр	муж
длань	жен
длина	жен
днище	ср
днюха	жен
добла	жен
добор	муж
добро	ср
довод	муж
догма	жен
дождь	муж
дозор	муж
дойка	жен
дойна	жен
дойра	жен
докер	муж
долли	жен
домен	муж
домик	муж
домна	жен
домок	муж
домол	муж
домра	жен
донец	муж
донка	жен
донна	жен
донор	муж
донос	муж
донце	ср
донья	жен
доска	жен
досол	муж
досуг	муж
досье	ср
дофин	муж
доход	муж
дочка	жен
драга	жен
драже	ср
драйв	муж
драка	жен
драма	жен
дрань	жен
драфт	муж
древо	ср
дрейф	муж
дрель	жен
дрема	жен
дрена	жен
дринк	муж
дрифт	муж
дробь	жен
дрога	жен
дрожь	жен
дрозд	муж
дроид	муж
дронт	муж
дросс	муж
дрофа	жен
друза	жен
друид	муж
дрязг	муж
дрянь	жен
дрёма	жен
дубка	жен
дубль	муж
дубок	муж
дубьё	ср
дуван	муж
дудак	муж
дудка	жен
дужка	жен
дукат	муж
дулеб	муж
думец	муж
думка	жен
дунит	муж
дуоль	жен
дупло	ср
дурак	муж
дурра	жен
дурро	ср
дутар	муж
дутик	муж
дутыш	муж
дутьё	ср
духан	муж
дучка	жен
душка	общ
душок	муж
дуэль	жен
дщерь	жен
дылда	общ
дымка	жен
дымок	муж
дырка	жен
дышло	ср
дюкер	муж
дюрол	муж
дюшес	муж
дятел	муж
дёжка	жен
дёрен	муж
еблан	муж
евнух	муж
еврей	муж
егерь	муж
егоза	общ
ежиха	жен
ездка	жен
ездок	муж
емейл	муж
емшан	муж
ересь	жен
есаул	муж
ехида	общ
жабка	жен
жабра	жен
жажда	жен
жакан	муж
жакет	муж
жамка	жен
жарка	жен
жарок	муж
жатва	жен
жатка	жен
жвало	ср
жевок	муж
желна	жен
желть	жен
жених	муж
жеода	жен
жердь	жен
жерех	муж
жерло	ср
жесть	жен
жетон	муж
живец	муж
живой	муж
живот	муж
жиган	муж
жизнь	жен
жилет	муж
жилец	муж
жилка	жен
жильё	ср
жимок	муж
жинка	жен
жират	муж
жираф	муж
жирок	муж
жиряк	муж
жисть	жен
житие	ср
житье	ср
житьё	ср
жменя	жен
жмудь	жен
жнива	жен
жниво	ср
жница	жен
жокей	муж
жрица	жен
жулан	муж
жулик	муж
жульё	ср
жупан	муж
жупел	муж
жучка	жен
жучок	муж
жёлоб	муж
жёлчь	жен
жёнка	жен
забег	муж
забой	муж
забор	муж
завал	муж
завет	муж
завод	муж
завоз	муж
завуч	муж
загар	муж
загиб	муж
загон	муж
загул	муж
задел	муж
задик	муж
задок	муж
задор	муж
заезд	муж
зажим	муж
зажин	муж
зажор	муж
зазор	муж
зазыв	муж
заика	общ
зайка	муж
заказ	муж
закал	муж
закат	муж
закол	муж
закон	муж
закуп	муж
закут	муж
залив	муж
зализ	муж
залог	муж
залом	муж
залёт	муж
замай	муж
замах	муж
замер	муж
замес	муж
замок	муж
замор	муж
замша	жен
замёт	муж
занос	муж
запад	муж
запал	муж
запас	муж
запах	муж
запев	муж
запой	муж
запор	муж
зарез	муж
зарод	муж
зарок	муж
заруб	муж
заряд	муж
засев	муж
засов	муж
засол	муж
засор	муж
засос	муж
затея	жен
заток	муж
затон	муж
затор	муж
затяг	муж
затёк	муж
затёс	муж
заумь	жен
заход	муж
зацеп	муж
зачин	муж
зачёс	муж
зачёт	муж
звено	ср
зверь	муж
зебра	жен
зевок	муж
зелот	муж
зелье	ср
зельц	муж
земец	муж
земля	жен
зендо	муж
зенит	муж
зерно	ср
зернь	жен
зефир	муж
зилот	муж
зипун	муж
злато	ср
злоба	жен
злюка	общ
знамя	ср
знать	жен
золка	жен
зомби	муж
зооид	муж
зраза	жен
зубец	муж
зубик	муж
зубок	муж
зулус	муж
зумпф	муж
зурна	жен
зыбка	жен
зыбун	муж
зятёк	муж
иблис	муж
иваси	жен
ивина	жен
ивняк	муж
иврит	муж
игрек	муж
игрец	муж
игрок	муж
игрун	муж
идеал	муж
идиом	муж
идиот	муж
иерей	муж
ижица	жен
избач	муж
извет	муж
извив	муж
извод	муж
извоз	муж
изгиб	муж
изгой	муж
излом	муж
излёт	муж
измор	муж
износ	муж
изъян	муж
изыск	муж
изюбр	муж
икона	жен
икота	жен
иксия	жен
иктус	муж
илеит	муж
илька	жен
имаго	ср
имидж	муж
инвар	муж
ингуш	муж
индий	муж
индол	муж
индри	муж
индус	муж
индюк	муж
инжир	муж
инион	муж
инкуб	муж
инока	жен
интим	муж
иодид	муж
иомен	муж
ионий	муж
ионик	муж
ионит	муж
иприт	муж
ирбис	муж
ирмос	муж
искра	жен
искус	муж
ислам	муж
испод	муж
испуг	муж
иссоп	муж
истец	муж
истод	муж
исток	муж
исход	муж
итээр	муж
иудей	муж
ишиас	муж
ишпан	муж
йаппи	муж
йо-йо	ср
йодат	муж
йодид	муж
йомен	муж
кааба	жен
кабак	муж
кабан	муж
кабил	муж
кабул	муж
кавер	муж
кавун	муж
кагал	муж
каган	муж
кагат	муж
кагор	муж
кадди	муж
кадет	муж
кадий	муж
кадка	жен
кадык	муж
казак	муж
казан	муж
казах	муж
казна	жен
казнь	жен
казус	муж
кайла	жен
кайло	ср
кайма	жен
кайра	жен
какао	ср
калам	муж
калач	муж
калий	муж
калин	муж
калла	жен
калпа	жен
калым	муж
камаз	муж
камея	жен
камин	муж
камка	жен
кампо	жен
камса	жен
камча	жен
камыш	муж
канак	муж
канал	муж
канат	муж
канва	жен
канна	жен
канон	муж
каноэ	ср
канун	муж
канюк	муж
капер	муж
капля	жен
капок	муж
капор	муж
капот	муж
каппа	жен
капут	муж
карат	муж
карга	жен
карго	ср
карда	жен
карел	муж
кариб	муж
карла	муж
карма	жен
карра	жен
карри	ср
карст	муж
карта	жен
карча	жен
касба	жен
касик	муж
каска	жен
каско	ср
касса	жен
каста	жен
катар	муж
катер	муж
катет	муж
катод	муж
каток	муж
катти	муж
катык	муж
катыш	муж
каури	жен
кафир	муж
кацап	муж
кацик	муж
качка	жен
качча	жен
кашка	жен
кашне	ср
кашпо	ср
кашуб	муж
каюга	муж
каюта	жен
кбайт	муж
квант	муж
кварк	муж
кварц	муж
квача	жен
квест	муж
квота	жен
кебаб	муж
кегль	муж
кегля	жен
келпи	муж
кельт	муж
келья	жен
кенар	муж
кенаф	муж
кендо	ср
кепка	жен
керма	жен
кетка	жен
кетон	муж
кефир	муж
кечуа	общ
кешью	муж
кианг	муж
кибеи	муж
кибуц	муж
кивер	муж
кивок	муж
кивот	муж
кидас	муж
кидка	жен
кизил	муж
кизяк	муж
килим	муж
килти	жен
кимвр	муж
кинез	муж
киник	муж
кинин	муж
киоск	муж
кирза	жен
кирка	жен
кирха	жен
кисет	муж
кисея	жен
киска	жен
киста	жен
кисть	жен
кифоз	муж
кичим	муж
кичка	жен
кишка	жен
кладь	жен
клака	жен
кларк	муж
кларо	жен
класс	муж
клерк	муж
клеть	жен
клефт	муж
клика	жен
клико	ср
клинч	муж
клица	жен
клише	ср
клоун	муж
клуня	жен
клупп	муж
клуша	жен
клюка	жен
клюфт	муж
клямс	муж
кляча	жен
клёст	муж
кнель	жен
кнехт	муж
книга	жен
кница	жен
князь	муж
коала	жен
кобза	жен
кобль	муж
кобол	муж
кобра	жен
кобёл	муж
ковар	муж
ковач	муж
ковка	жен
ковёр	муж
кодак	муж
кодек	муж
кодер	муж
кодла	жен
кодон	муж
кожан	муж
кожух	муж
козон	муж
козёл	муж
коипу	муж
койка	жен
койне	ср
койот	муж
кокет	муж
кокон	муж
кокор	муж
кокос	муж
колба	жен
колер	муж
колет	муж
колея	жен
колит	муж
колка	жен
колли	муж
колоб	муж
колок	муж
колон	муж
колор	муж
колос	муж
колун	муж
колье	ср
кольт	муж
колюр	муж
комар	муж
комби	муж
комик	муж
комма	жен
комод	муж
комок	муж
конга	муж
конец	муж
коник	муж
конка	жен
конус	муж
конха	жен
конюх	муж
конёк	муж
копал	муж
копач	муж
копир	муж
копия	жен
копка	жен
копна	жен
копра	жен
копун	муж
копыл	муж
копьё	ср
копёр	муж
коран	муж
корги	муж
корда	жен
корец	муж
кореш	муж
корка	жен
корма	жен
короб	муж
корча	жен
корьё	ср
коряк	муж
косач	муж
косец	муж
косок	муж
кость	жен
косяк	муж
котик	муж
котёл	муж
кофей	муж
кофий	муж
кофик	муж
кофта	жен
кохия	жен
кочан	муж
кочет	муж
кочка	жен
кошер	муж
кошка	жен
кошма	жен
кощей	муж
крага	жен
кража	жен
крайт	муж
кракс	муж
краля	жен
крапп	муж
краса	жен
крафт	муж
кредо	ср
крейт	муж
креол	муж
креон	муж
крепь	жен
кресс	муж
крест	муж
крица	жен
кровь	жен
кроки	ср
кроль	муж
крона	жен
кросс	муж
кроха	общ
кроше	ср
круиз	муж
круня	общ
крупа	жен
круча	жен
кручь	жен
крыло	ср
крыса	жен
крыша	жен
ксива	жен
кубик	муж
кубит	муж
кубок	муж
кузен	муж
кузня	жен
кузов	муж
кукан	муж
кукиш	муж
кукла	жен
кукри	муж
кулаж	муж
кулак	муж
кулан	муж
кулер	муж
кулеш	муж
кулик	муж
кулич	муж
кулон	муж
кульм	муж
культ	муж
кулёк	муж
кумач	муж
кумжа	жен
кумир	муж
кумык	муж
кумыс	муж
кунак	муж
купаж	муж
купец	муж
купля	жен
купол	муж
купон	муж
кураж	муж
курва	жен
курия	жен
курок	муж
курос	муж
курта	жен
курья	жен
кусок	муж
кутас	муж
кутис	муж
куток	муж
кутта	жен
кутум	муж
кутья	жен
кутёж	муж
куфия	жен
кухня	жен
кучер	муж
кучка	жен
кушак	муж
кхари	ср
кхмер	муж
кьюпи	муж
кэмпо	ср
кювет	муж
кюрий	муж
кюрин	муж
кяриз	муж
лабаз	муж
лабух	муж
лаваш	муж
лавка	жен
лавра	жен
лагер	муж
ладан	муж
ладья	жен
лазер	муж
лайба	жен
лайда	жен
лайка	жен
лакей	муж
лакец	муж
ламер	муж
ламия	жен
лампа	жен
ламут	муж
ландо	ср
ланка	жен
лапка	жен
лапта	жен
лапша	жен
ларец	муж
ларёк	муж
ласка	жен
лассо	ср
латка	жен
латук	муж
латыш	муж
лафет	муж
лафит	муж
лачок	муж
лбина	муж
лбище	муж
левак	муж
левит	муж
левша	общ
левый	муж
легат	муж
легаш	муж
ледок	муж
лежак	муж
лезия	жен
лейас	муж
лейбл	муж
лейка	жен
лекаж	муж
лекиф	муж
лемех	муж
лемма	жен
лемур	муж
ленок	муж
лента	жен
ленца	жен
лепет	муж
лепка	жен
лепра	жен
лепта	жен
лерка	жен
леска	жен
лесок	муж
лесть	жен
летие	ср
летка	жен
леток	муж
летун	муж
лешак	муж
леший	муж
лещик	муж
лиаза	жен
лиана	жен
лиард	муж
ливер	муж
лидар	муж
лидер	муж
лизат	муж
лизин	муж
лизис	муж
лизол	муж
лизун	муж
ликёр	муж
лилия	жен
лиман	муж
лимбо	муж
лимец	муж
лимит	муж
лимон	муж
лимфа	жен
линди	муж
линза	жен
линин	муж
линия	жен
линёк	муж
липец	муж
липид	муж
липка	жен
лирик	муж
лиска	жен
литер	муж
литий	муж
лития	жен
литка	жен
литьё	ср
лихач	муж
лихва	жен
лицей	муж
личка	жен
лишай	муж
лишек	муж
лобан	муж
лобби	ср
лобик	муж
лобок	муж
ловец	муж
ловля	жен
логик	муж
логин	муж
логос	муж
лодка	жен
ложка	жен
ложок	муж
локва	жен
локер	муж
локон	муж
локус	муж
ломик	муж
ломка	жен
лонжа	жен
лопух	муж
лорча	жен
лоток	муж
лотос	муж
лоция	жен
лошак	муж
лубок	муж
лужок	муж
лузга	жен
лузер	муж
лукно	ср
лунка	жен
лупка	жен
лучик	муж
лучок	муж
лыжня	жен
лыска	жен
лысун	муж
лысый	муж
лычко	ср
льяло	ср
любка	жен
люмен	муж
люнет	муж
люпин	муж
люпус	муж
лютик	муж
лютич	муж
лютня	жен
люффа	жен
лючок	муж
ляжка	жен
лямка	жен
ляпис	муж
лярва	жен
лёжка	жен
магия	жен
магма	жен
мадам	жен
мадия	жен
маета	жен
мажор	муж
мазер	муж
мазик	муж
мазка	жен
мазло	ср
мазня	жен
мазок	муж
мазут	муж
майка	жен
майна	жен
майор	муж
макао	муж
макет	муж
макса	жен
малец	муж
малик	муж
малка	жен
малое	ср
малый	муж
малыш	муж
мальм	муж
мальё	ср
маляр	муж
малёк	муж
мамба	жен
мамбо	муж
мамка	жен
мамон	муж
манат	муж
манга	жен
манго	ср
манеж	муж
манер	муж
мание	ср
мания	жен
манка	жен
манко	ср
манна	жен
манок	муж
манор	муж
манси	общ
манта	жен
манто	ср
манул	муж
манье	ср
маори	муж
марал	муж
марго	ср
маржа	жен
марка	жен
марля	жен
марон	муж
маска	жен
масло	ср
масон	муж
масса	жен
масть	жен
матка	жен
матра	жен
матюг	муж
мафия	жен
мафон	муж
махач	муж
махра	жен
мачок	муж
мачта	жен
мбайт	муж
мегом	муж
медик	муж
медок	муж
медяк	муж
мезга	жен
мезим	муж
мезон	муж
мейоз	муж
мелис	муж
мелия	жен
мелок	муж
мелос	муж
мерва	жен
мерея	жен
мерин	муж
мерка	жен
месса	жен
место	ср
месть	жен
месье	муж
месяц	муж
метан	муж
метек	муж
метиз	муж
метик	муж
метил	муж
метис	муж
метка	жен
метла	жен
метод	муж
метол	муж
метоп	муж
метро	ср
меццо	ср
мечта	жен
мешок	муж
мигач	муж
миддл	муж
мидия	жен
мизер	муж
микоз	муж
микст	муж
милка	жен
милль	муж
милок	муж
минея	жен
минор	муж
минус	муж
минёр	муж
миома	жен
мираж	муж
мирза	муж
мирок	муж
мирон	муж
мирра	жен
миска	жен
митоз	муж
митра	жен
мишка	муж
млеко	ср
ммоль	муж
могар	муж
могол	муж
модем	муж
модус	муж
мойва	жен
мойка	жен
мойра	жен
мокко	муж
мокша	жен
молва	жен
молвь	жен
молот	муж
молох	муж
моляр	муж
монах	муж
моном	муж
мопед	муж
морда	жен
морин	муж
мороз	муж
морок	муж
морфа	жен
морцо	ср
моряк	муж
мосол	муж
мосье	муж
мотет	муж
мотив	муж
мотка	жен
мотня	жен
моток	муж
мотор	муж
мотто	ср
мохер	муж
мочка	жен
мошка	жен
мошна	жен
мразь	жен
мрежа	жен
мудак	муж
мужик	муж
музей	муж
мулат	муж
мулла	муж
муляж	муж
мулёк	муж
мумия	жен
мумиё	ср
мураш	муж
мурза	муж
мурло	ср
мурья	жен
мусор	муж
мутон	муж
муфта	жен
мухур	муж
муцин	муж
мучка	жен
мушка	жен
мцыри	муж
мымра	жен
мысик	муж
мысль	жен
мысок	муж
мытьё	ср
мышей	муж
мышка	жен
мышца	жен
мэнор	муж
мэрия	жен
мюзет	муж
мюрид	муж
мюсли	ср
мязга	жен
мякиш	муж
мялка	жен
мямля	общ
мяско	ср
мясцо	ср
мятеж	муж
мятие	ср
мятье	ср
мятьё	ср
мячик	муж
набат	муж
набег	муж
набоб	муж
набор	муж
навал	муж
навар	муж
навес	муж
навет	муж
навис	муж
навоз	муж
навой	муж
навык	муж
наган	муж
нагар	муж
нагиб	муж
нагон	муж
нагул	муж
надел	муж
надир	муж
надой	муж
надув	муж
наезд	муж
нажим	муж
нажин	муж
нажор	муж
назём	муж
найра	жен
наказ	муж
накал	муж
накат	муж
накос	муж
налив	муж
налим	муж
налог	муж
налой	муж
налёт	муж
намаз	муж
намин	муж
намол	муж
намыв	муж
намёк	муж
намёт	муж
нанду	муж
нанка	жен
нанос	муж
напев	муж
напой	муж
напор	муж
нарез	муж
нарик	муж
народ	муж
нарта	жен
нарыв	муж
наряд	муж
насад	муж
насос	муж
насып	муж
натяг	муж
натёк	муж
наука	жен
нахал	муж
наход	муж
нация	жен
начин	муж
начёс	муж
начёт	муж
наяда	жен
невма	жен
невод	муж
невус	муж
негус	муж
недуг	муж
нейка	жен
немец	муж
немка	жен
ненец	муж
нения	жен
ненка	жен
нерка	жен
нерол	муж
нерпа	жен
несяк	муж
нефть	жен
нечет	муж
нивоз	муж
нивух	муж
низка	жен
низок	муж
нилот	муж
нимфа	жен
нинон	жен
нисан	муж
нисеи	муж
нитка	жен
нитон	муж
ничья	жен
нобль	муж
новик	муж
новое	ср
ножик	муж
ножка	жен
нойон	муж
нолик	муж
номад	муж
номен	муж
номер	муж
нонет	муж
нория	жен
норка	жен
норма	жен
норов	муж
носач	муж
носик	муж
носка	жен
носок	муж
нотис	муж
нотка	жен
ночва	жен
ночка	жен
нубия	жен
нужда	жен
нукер	муж
нулик	муж
нутро	ср
нырок	муж
нытик	муж
нытьё	ср
нюанс	муж
нюхач	муж
няшка	общ
оазис	муж
об-во	ср
обвал	муж
обвес	муж
обвод	муж
обвоз	муж
обгон	муж
обдир	муж
обдув	муж
обжиг	муж
обжим	муж
обжин	муж
обжог	муж
обзол	муж
обзор	муж
обида	жен
обкат	муж
обком	муж
облик	муж
облов	муж
облог	муж
облой	муж
облом	муж
облёт	муж
обман	муж
обмен	муж
обмер	муж
обмин	муж
обмол	муж
обмыв	муж
обмёт	муж
обнос	муж
обора	жен
образ	муж
обрат	муж
обрез	муж
оброк	муж
обруб	муж
обруч	муж
обрыв	муж
обряд	муж
обсев	муж
обувь	жен
обуза	жен
обход	муж
общак	муж
объём	муж
обыск	муж
овизм	муж
овраг	муж
овсец	муж
овсюг	муж
овчар	муж
огива	жен
огонь	муж
огрех	муж
одеон	муж
одурь	жен
одёжа	жен
озеро	ср
озимь	жен
озноб	муж
ойрот	муж
окапи	муж
океан	муж
окись	жен
оклад	муж
оклик	муж
окова	жен
окорм	муж
окоём	муж
окрас	муж
окрик	муж
окрол	муж
округ	муж
оксид	муж
октан	муж
октет	муж
октил	муж
октод	муж
окунь	муж
олеат	муж
олеин	муж
олень	муж
олеум	муж
олива	жен
олифа	жен
олово	ср
олуша	жен
ольпа	жен
ольха	жен
омега	жен
омела	жен
омлет	муж
омуль	муж
онагр	муж
оникс	муж
онуча	жен
оолит	муж
опала	жен
опара	жен
опека	жен
опера	жен
опиат	муж
опись	жен
опиум	муж
оплот	муж
оплыв	муж
опоек	муж
опока	жен
опора	жен
опрос	муж
оптик	муж
опуск	муж
опция	жен
орава	жен
орало	ср
орарь	муж
орган	муж
оргия	жен
орден	муж
ордер	муж
ореол	муж
орикс	муж
орлан	муж
орлец	муж
орлик	муж
орлоп	муж
орляк	муж
орсин	муж
ортит	муж
орхит	муж
оршад	муж
осада	жен
осень	жен
осина	жен
оскал	муж
оскар	муж
ослик	муж
ослоп	муж
осляк	муж
осмий	муж
осмол	муж
осмос	муж
особа	жен
особь	жен
осоед	муж
осока	жен
остит	муж
остов	муж
остяк	муж
осыпь	жен
осётр	муж
отава	жен
отаку	муж
отара	жен
отбел	муж
отбив	муж
отбой	муж
отбор	муж
отвал	муж
отвар	муж
отвес	муж
ответ	муж
отвод	муж
отвоз	муж
отгиб	муж
отгон	муж
отгул	муж
отдел	муж
отдух	муж
отдых	муж
отель	муж
отжиг	муж
отжим	муж
отзол	муж
отзыв	муж
отказ	муж
откат	муж
откол	муж
откос	муж
откуп	муж
откус	муж
отлив	муж
отлов	муж
отлуп	муж
отлёт	муж
отмах	муж
отмин	муж
относ	муж
отпад	муж
отпай	муж
отпор	муж
отрез	муж
отрог	муж
отрок	муж
отруб	муж
отрыв	муж
отряд	муж
отсев	муж
отсек	муж
отсос	муж
отток	муж
оттёк	муж
отход	муж
отцеп	муж
отчал	муж
отчим	муж
отчёт	муж
отшиб	муж
отъём	муж
офеня	муж
офорт	муж
офсет	муж
офшор	муж
охват	муж
охота	жен
очерк	муж
очкур	муж
очник	муж
ошеек	муж
ощупь	жен
падеж	муж
падла	общ
падло	ср
падре	муж
падуб	муж
падун	муж
падёж	муж
пазок	муж
пайка	жен
пайса	жен
пакер	муж
пакет	муж
пакля	жен
палас	муж
палац	муж
палач	муж
палаш	муж
палец	муж
палея	жен
палия	жен
палка	жен
палла	жен
палюс	муж
пампа	жен
панаш	муж
панга	жен
панда	жен
панна	жен
панно	ср
паныч	муж
паоло	муж
папик	муж
папка	жен
парад	муж
параф	муж
парез	муж
парик	муж
пария	общ
парка	жен
парод	муж
парок	муж
паром	муж
парси	муж
парта	жен
парус	муж
парфе	ср
парча	жен
парша	жен
пасмо	ср
паста	жен
пасть	жен
пасха	жен
пасюк	муж
патан	муж
патер	муж
патио	муж
патуа	ср
пауза	жен
пафос	муж
пахан	муж
пахит	муж
пахта	жен
пацан	муж
пачка	жен
пашня	жен
пашот	муж
певец	муж
певун	муж
пегас	муж
пекан	муж
пекло	ср
пелеа	жен
пелит	муж
пемза	жен
пенал	муж
пение	ср
пенис	муж
пенка	жен
пенни	ср
пенье	ср
пенёк	муж
пепел	муж
пепин	муж
пепси	ср
перга	жен
перец	муж
перль	муж
перри	муж
перст	муж
перёд	муж
песец	муж
песнь	жен
песня	жен
песок	муж
петаз	муж
петел	муж
петит	муж
петля	жен
петух	муж
печка	жен
пешка	жен
пешня	жен
пещур	муж
пиала	жен
пивко	ср
пивцо	ср
пигус	муж
пидор	муж
пиета	жен
пижма	жен
пижон	муж
пизда	жен
пикап	муж
пикет	муж
пикон	муж
пикша	жен
пикёр	муж
пилав	муж
пилка	жен
пилон	муж
пилот	муж
пилум	муж
пиния	жен
пинок	муж
пинта	жен
пипка	жен
пират	муж
пирен	муж
пирит	муж
пирке	ср
пирог	муж
пирон	муж
пироп	муж
писец	муж
писун	муж
питие	ср
питон	муж
питта	жен
питух	муж
питье	ср
питьё	ср
пифия	жен
пифос	муж
пихта	жен
пицца	жен
пичок	муж
пищик	муж
плавь	жен
плайя	жен
пламя	ср
пласт	муж
плата	жен
плато	ср
плаун	муж
плаха	жен
плебс	муж
плева	жен
плеер	муж
племя	ср
плена	жен
плеск	муж
плеть	жен
плечо	ср
плешь	жен
плинт	муж
плита	жен
плица	жен
плоть	жен
плюха	жен
пнище	муж
побег	муж
побор	муж
повал	муж
повар	муж
повет	муж
повод	муж
повой	муж
погиб	муж
погон	муж
подий	муж
подог	муж
подол	муж
поезд	муж
пожар	муж
пожня	жен
пожог	муж
позор	муж
позыв	муж
позём	муж
позёр	муж
поиск	муж
пойка	жен
пойло	ср
пойма	жен
пойнт	муж
показ	муж
покат	муж
покер	муж
покет	муж
покой	муж
покос	муж
полба	жен
полив	муж
полип	муж
полир	муж
полис	муж
полка	жен
полог	муж
полоз	муж
полок	муж
полом	муж
полон	муж
полть	жен
полье	ср
полюс	муж
поляк	муж
полёт	муж
помин	муж
помол	муж
помор	муж
помпа	жен
помёт	муж
понор	муж
понос	муж
понто	муж
пончо	ср
понюх	муж
попик	муж
попка	муж
попса	жен
порез	муж
порей	муж
порка	жен
порно	ср
порог	муж
пороз	муж
порок	муж
порос	муж
порох	муж
порск	муж
порто	ср
порча	жен
порыв	муж
посад	муж
посев	муж
посол	муж
посох	муж
посул	муж
посыл	муж
поташ	муж
потир	муж
поток	муж
потоп	муж
потто	муж
потяг	муж
потёк	муж
поход	муж
похул	муж
почва	жен
почин	муж
почка	жен
почта	жен
почёт	муж
пошиб	муж
пошив	муж
поэма	жен
право	ср
прайд	муж
прайс	муж
праща	жен
прель	жен
преон	муж
пресс	муж
прима	жен
принц	муж
приор	муж
приуз	муж
причт	муж
приют	муж
приём	муж
проба	жен
прога	жен
проза	жен
пропс	муж
просо	ср
профи	общ
проём	муж
прусс	муж
пруша	жен
прыть	жен
прядь	жен
пряжа	жен
пряха	жен
псарь	муж
псина	жен
псион	муж
псица	жен
птаха	жен
птица	жен
пуалю	муж
пуант	муж
пугач	муж
пуджа	жен
пудик	муж
пудра	жен
пузан	муж
пузач	муж
пукля	жен
пульс	муж
пульт	муж
пункт	муж
пупок	муж
пурга	жен
пурим	муж
пурин	муж
пурка	жен
путец	муж
путло	ср
путля	жен
пуфик	муж
пучок	муж
пушка	жен
пушок	муж
пушту	муж
пчела	жен
пшено	ср
пыжик	муж
пырей	муж
пытка	жен
пышка	жен
пьеза	жен
пьеро	муж
пьеса	жен
пьянь	жен
пялка	жен
пясть	жен
пятак	муж
пятка	жен
пятно	ср
пяток	муж
пёрка	жен
пёсик	муж
радар	муж
раджа	муж
радий	муж
радио	ср
радон	муж
разер	муж
разик	муж
разок	муж
разор	муж
разум	муж
раина	жен
райна	жен
район	муж
ракия	жен
ракля	жен
ракун	муж
ракша	жен
ралли	ср
рамка	жен
рамми	жен
рампа	жен
ранет	муж
ранец	муж
ранка	жен
ранчо	ср
рапид	муж
растр	муж
ратай	муж
ратин	муж
раунд	муж
рафик	муж
рафия	жен
рахис	муж
рахит	муж
рацея	жен
рация	жен
рачок	муж
рвань	жен
рвота	жен
рдест	муж
ребек	муж
ребро	ср
ребус	муж
ревун	муж
регби	ср
регги	муж
редан	муж
редис	муж
редут	муж
режим	муж
резак	муж
резен	муж
резец	муж
резит	муж
резка	жен
резня	жен
резол	муж
резон	муж
резус	муж
рейка	жен
релиз	муж
релин	муж
релит	муж
рельс	муж
ремез	муж
ремиз	муж
ренет	муж
рений	муж
ренин	муж
рента	жен
репей	муж
репер	муж
репка	жен
ретро	ср
речка	жен
решка	жен
ржище	ср
рибоп	муж
ридер	муж
ризом	муж
рикша	муж
ринит	муж
рипус	муж
риска	жен
рисёч	муж
ритор	муж
рифля	жен
рифма	жен
рицин	муж
ришта	жен
робот	муж
ровер	муж
ровик	муж
ровня	общ
рогач	муж
рогоз	муж
родео	ср
родий	муж
родич	муж
родня	жен
рожок	муж
рожон	муж
розан	муж
розга	жен
рознь	жен
ройба	жен
рокер	муж
рокот	муж
ролик	муж
роман	муж
ромэн	муж
рондо	ср
ронжа	жен
ропак	муж
ропот	муж
ростр	муж
ротик	муж
роток	муж
ротон	муж
ротор	муж
рохля	общ
рояль	муж
ртище	муж
ртуть	жен
рубеж	муж
рубец	муж
рубин	муж
рубка	жен
рубль	муж
ругня	жен
рудяк	муж
ружьё	ср
руина	жен
рукав	муж
рулет	муж
рулон	муж
румба	жен
румын	муж
рунет	муж
рунец	муж
рупия	жен
рупор	муж
русак	муж
русин	муж
русич	муж
русло	ср
рутил	муж
ручей	муж
ручка	жен
рыбак	муж
рыбец	муж
рыбка	жен
рывок	муж
рыжей	муж
рыжий	муж
рыжик	муж
рында	муж
рынок	муж
рысак	муж
рысца	жен
рытьё	ср
рычаг	муж
рэкет	муж
рэлей	муж
рэпер	муж
рюмка	жен
рюшка	жен
рябок	муж
рядно	ср
рядок	муж
ряска	жен
ряшка	жен
с-ось	жен
саами	общ
сабан	муж
сабза	жен
сабля	жен
сабур	муж
саван	муж
савка	жен
саган	муж
сагиб	муж
саджа	жен
садик	муж
садка	жен
садок	муж
садху	муж
сазан	муж
сайга	жен
сайда	жен
сайка	жен
сайра	жен
саква	жен
сакля	жен
салат	муж
салеп	муж
салка	общ
салол	муж
салон	муж
салоп	муж
салун	муж
салют	муж
саман	муж
самба	жен
самбо	ср
самец	муж
самка	жен
самум	муж
сапка	жен
сапог	муж
сапун	муж
сапёр	муж
сарай	муж
саран	муж
сарго	муж
саржа	жен
сарос	муж
сарыч	муж
сатин	муж
сатир	муж
сауна	жен
сауэр	муж
сахар	муж
сахиб	муж
сачок	муж
сброд	муж
сброс	муж
сбруя	жен
свами	муж
свара	жен
сваха	жен
свеча	жен
свиль	жен
свинг	муж
свист	муж
свита	жен
свитч	муж
свора	жен
свояк	муж
связь	жен
сглаз	муж
сдача	жен
сдвиг	муж
сдоба	жен
сеанс	муж
севак	муж
север	муж
севец	муж
севок	муж
седан	муж
седер	муж
седло	ср
седок	муж
сезам	муж
сезон	муж
секач	муж
секта	жен
селен	муж
селфи	ср
семик	муж
семит	муж
семпл	муж
семья	жен
сенаж	муж
сенат	муж
сенцо	ср
сепия	жен
септа	жен
серак	муж
серао	муж
серин	муж
сериф	муж
серия	жен
серка	общ
серко	муж
серна	жен
серсо	ср
серум	муж
серяк	муж
сеста	жен
сетка	жен
сечка	жен
сиаль	жен
сивер	муж
сивка	жен
сивко	муж
сивуч	муж
сигма	жен
сидка	жен
сидхи	жен
сиена	жен
сижок	муж
сизиф	муж
сизяк	муж
сикоз	муж
силан	муж
силач	муж
силен	муж
силок	муж
силон	муж
силос	муж
силур	муж
сильф	муж
симка	жен
синап	муж
сингл	муж
синец	муж
синод	муж
синус	муж
синяк	муж
сипай	муж
сирин	муж
сироп	муж
систр	муж
ситар	муж
ситец	муж
ситро	ср
ситце	ср
сифон	муж
скала	жен
скало	ср
скань	жен
скарб	муж
скарн	муж
скаут	муж
сквер	муж
сквид	муж
сквоб	муж
сквот	муж
сквош	муж
скейт	муж
скетч	муж
скирд	муж
скирр	муж
скифл	муж
склад	муж
склеп	муж
склиз	муж
склон	муж
скоба	жен
скопа	жен
скора	жен
скорм	муж
скотч	муж
скраб	муж
скрап	муж
скреп	муж
скриб	муж
скрип	муж
скуба	жен
скудо	муж
скука	жен
скула	жен
скунс	муж
скуче	муж
слава	жен
слайд	муж
слега	жен
слеза	жен
сленг	муж
слива	жен
слизь	жен
слинг	муж
слово	ср
слуга	муж
слюда	жен
слюна	жен
смазь	жен
смайл	муж
смейз	муж
смена	жен
смерд	муж
смерч	муж
смесь	жен
смета	жен
смола	жен
смоль	жен
смотр	муж
смрад	муж
смска	жен
смута	жен
смысл	муж
снарк	муж
снедь	жен
сница	жен
сноха	жен
сныть	жен
собес	муж
собор	муж
совет	муж
совик	муж
совка	жен
совок	муж
содар	муж
содом	муж
созыв	муж
сойка	жен
сойма	жен
сойот	муж
сокет	муж
сокол	муж
солея	жен
солка	жен
солод	муж
сомик	муж
сомит	муж
сонар	муж
сонет	муж
сопка	жен
сопло	ср
сопля	жен
сопор	муж
сопун	муж
сорго	ср
сорит	муж
сором	муж
сорус	муж
сосед	муж
сосец	муж
соска	жен
сосна	жен
сосок	муж
сосуд	муж
сосун	муж
сотая	жен
сотка	жен
сотня	жен
софит	муж
сочок	муж
сошка	жен
спаги	муж
спазм	муж
спекл	муж
спель	муж
спесь	жен
спина	жен
спирт	муж
спица	жен
сплав	муж
сплин	муж
спора	жен
спорт	муж
сприт	муж
спрос	муж
спрут	муж
спурт	муж
спуск	муж
спюрк	муж
срань	жен
среда	жен
срост	муж
ссора	жен
ссуда	жен
стадо	ср
сталь	жен
станс	муж
старн	муж
старт	муж
старь	жен
стать	жен
стаут	муж
ствол	муж
створ	муж
стега	жен
стезя	жен
стейк	муж
стека	жен
стела	жен
стелс	муж
стель	жен
стена	жен
стенд	муж
степс	муж
степь	жен
стерх	муж
стило	ср
стиль	муж
стинг	муж
стоик	муж
стокс	муж
столб	муж
столп	муж
стома	жен
стомп	муж
стопа	жен
стоун	муж
стояк	муж
страж	муж
страз	муж
страх	муж
стриж	муж
стрим	муж
стрип	муж
стрит	муж
строб	муж
строй	муж
строп	муж
струг	муж
струп	муж
струя	жен
стужа	жен
ступа	жен
суаре	ср
субиз	муж
сувой	муж
судак	муж
судия	муж
судно	ср
судок	муж
судья	общ
суета	жен
суинг	муж
сукно	ср
сулея	жен
сулой	муж
сулок	муж
сумах	муж
сумка	жен
сумма	жен
сумёт	муж
сунна	жен
суоми	общ
супец	муж
супин	муж
суржа	жен
сурик	муж
сурок	муж
сусак	муж
сусек	муж
сусло	ср
сутаж	муж
сутра	жен
суфий	муж
суфле	ср
сучка	жен
сучок	муж
сушка	жен
сущик	муж
сфера	жен
схват	муж
схема	жен
схима	жен
сцена	жен
сцинк	муж
съезд	муж
сынок	муж
сыпец	муж
сырец	муж
сырок	муж
сырть	жен
сырца	жен
сырьё	ср
сычуг	муж
сыщик	муж
сэбин	муж
сэгуэ	муж
сэньо	муж
сюжет	муж
сюита	жен
сявка	жен
сяжок	муж
сёгун	муж
сёмга	жен
табак	муж
табес	муж
табла	жен
табло	ср
табор	муж
табун	муж
тавот	муж
тавро	ср
таган	муж
тагос	муж
тазик	муж
тайга	жен
тайка	жен
таймс	муж
тайна	жен
такин	муж
такса	жен
такси	ср
такыр	муж
талан	муж
талер	муж
талес	муж
талиб	муж
талик	муж
талис	муж
талия	жен
талон	муж
талыш	муж
тальк	муж
талья	жен
тамга	жен
тамил	муж
танго	ср
танец	муж
танид	муж
танин	муж
тапас	муж
тапир	муж
тапка	жен
тапёр	муж
таран	муж
тариф	муж
таска	жен
таста	жен
татка	жен
татра	жен
тафта	жен
тафья	жен
тахта	жен
тацет	муж
тачка	жен
ташка	жен
тварь	жен
твист	муж
театр	муж
тезис	муж
теизм	муж
теист	муж
текст	муж
телек	муж
телец	муж
телик	муж
телок	муж
тембр	муж
темпл	муж
тенар	муж
тенге	муж
тения	жен
тенор	муж
тенца	жен
тенёк	муж
тепло	ср
терем	муж
терец	муж
тесак	муж
тесло	ср
тесто	ср
тесть	муж
теург	муж
тефра	жен
техно	ср
течка	жен
тиара	жен
тигль	муж
тизер	муж
тикер	муж
тимин	муж
тимол	муж
тимус	муж
типаж	муж
типец	муж
типик	муж
типун	муж
типус	муж
тираж	муж
тиран	муж
тирит	муж
титан	муж
титла	жен
титло	ср
титул	муж
ткань	жен
товар	муж
тойон	муж
токай	муж
толпа	жен
толща	жен
толщь	жен
томат	муж
томец	муж
томик	муж
томич	муж
тонар	муж
тонер	муж
тоник	муж
тонна	жен
тонус	муж
топаз	муж
топка	жен
топор	муж
топот	муж
торба	жен
торец	муж
торий	муж
торит	муж
торон	муж
торос	муж
торус	муж
тоска	жен
тотем	муж
тофус	муж
тоффи	жен
тохар	муж
точка	жен
трава	жен
тракт	муж
трамп	муж
транс	муж
транш	муж
трапп	муж
траст	муж
трата	жен
траур	муж
треба	жен
трель	жен
трема	ср
тренд	муж
треск	муж
трест	муж
треть	жен
треух	муж
трефа	жен
триас	муж
триба	жен
триер	муж
тризм	муж
трико	ср
триод	муж
трипс	муж
тромб	муж
тромп	муж
тропа	жен
трояк	муж
труба	жен
труха	жен
трюмо	ср
тсуга	жен
тубус	муж
тугун	муж
тузик	муж
тукан	муж
тулий	муж
тулук	муж
тулуп	муж
тулья	жен
туляк	муж
тумак	муж
туман	муж
тумба	жен
тумор	муж
тунец	муж
тупей	муж
тупец	муж
тупик	муж
тупыш	муж
турик	муж
турне	ср
турок	муж
тутор	муж
тутси	общ
тутти	ср
туфля	жен
туфта	жен
тучка	жен
тушин	муж
тушка	жен
тщета	жен
тыква	жен
тынок	муж
тырло	ср
тычок	муж
тэмми	жен
тюбик	муж
тюнер	муж
тюник	муж
тюрок	муж
тютюн	муж
тюфяк	муж
тючок	муж
тябло	ср
тягач	муж
тягло	ср
тягун	муж
тяжба	жен
тяпка	жен
тёзка	общ
тёлка	жен
тёрка	жен
тёска	жен
тётка	жен
тёшка	жен
уазик	муж
убрус	муж
убыль	жен
увраж	муж
угода	жен
уголь	муж
угорь	муж
удаль	жен
удача	жен
удерж	муж
удэге	общ
узбек	муж
узина	жен
узник	муж
уйгур	муж
уклад	муж
уклон	муж
укроп	муж
укрут	муж
укрюк	муж
уксус	муж
улика	жен
улита	жен
улица	жен
улунг	муж
улыба	общ
умбра	жен
умиак	муж
умник	муж
умолк	муж
умора	жен
униат	муж
ункус	муж
унтер	муж
унция	жен
упрёк	муж
упырь	муж
урема	жен
урина	жен
урман	муж
урёма	жен
усище	муж
успех	муж
устав	муж
устой	муж
уступ	муж
устье	ср
утеря	жен
утеха	жен
утиль	муж
утица	жен
ухарь	муж
ухват	муж
ухожь	жен
учёба	жен
ушица	жен
ушкан	муж
ушкуй	муж
ушник	муж
ущерб	муж
фабра	жен
фавор	муж
фагот	муж
фазан	муж
фазер	муж
фазис	муж
факел	муж
факир	муж
фалда	жен
фалец	муж
фальц	муж
фанат	муж
фанза	жен
фарси	муж
фасад	муж
фасет	муж
фаска	жен
фасон	муж
фатум	муж
фатюй	муж
фауна	жен
фацет	муж
фация	жен
фаянс	муж
фелон	муж
фенек	муж
фений	муж
фенил	муж
фенол	муж
ферзь	муж
ферма	жен
ферми	муж
феска	жен
фетва	жен
фетиш	муж
фетюк	муж
фефер	муж
фиакр	муж
фибра	жен
фигня	жен
фидер	муж
физик	муж
физия	жен
фикус	муж
филей	муж
филин	муж
филон	муж
фильм	муж
филюм	муж
филёр	муж
фимоз	муж
финал	муж
финик	муж
финиш	муж
финка	жен
финна	жен
фиорд	муж
фирма	жен
фитин	муж
фишка	жен
фланг	муж
фланк	муж
флейм	муж
флейц	муж
флешь	жен
флинг	муж
флинт	муж
флирт	муж
флокс	муж
флора	жен
флюид	муж
фляга	жен
фляер	муж
фобия	жен
фокус	муж
фолио	ср
фомка	жен
фондю	ср
фонон	муж
форез	муж
форма	жен
форум	муж
фоска	жен
фотка	жен
фотон	муж
фофан	муж
фраер	муж
фраза	жен
франк	муж
франт	муж
фраун	муж
фрахт	муж
фреза	жен
фрейм	муж
френд	муж
френч	муж
фреон	муж
фронт	муж
фрукт	муж
фугас	муж
фужер	муж
фузея	жен
фузия	жен
фукус	муж
фуляр	муж
фунда	жен
фураж	муж
фурия	жен
фурма	жен
фурор	муж
футер	муж
футор	муж
фуфло	ср
фуэте	ср
фырок	муж
фьорд	муж
фьюжн	муж
фюзен	муж
фюрер	муж
хабар	муж
хабуб	муж
хаджи	муж
хазар	муж
хайло	ср
хакан	муж
хакас	муж
хакер	муж
халат	муж
халва	жен
халда	жен
халео	муж
халиф	муж
хамка	жен
хамон	муж
хамса	жен
хамьё	ср
ханжа	общ
ханша	жен
хапок	муж
хапун	муж
харчо	ср
хасид	муж
хатка	жен
хауса	общ
хафиз	муж
хафир	муж
хвала	жен
хворь	жен
хвост	муж
хедер	муж
хедив	муж
хенна	жен
херес	муж
херик	муж
херня	жен
хиазм	муж
хилус	муж
хиляк	муж
химик	муж
химия	жен
химус	муж
хинди	муж
хинду	муж
хинин	муж
хинон	муж
хиппи	общ
хитин	муж
хитон	муж
хлупь	жен
хлыст	муж
хлюст	муж
хлябь	жен
хлёст	муж
хмара	жен
хмарь	жен
хмель	муж
хмурь	жен
хмырь	муж
хобби	ср
хобот	муж
хоган	муж
ходжа	муж
ходик	муж
ходка	жен
ходок	муж
ходун	муж
холин	муж
холка	жен
холод	муж
холоп	муж
холст	муж
холуй	муж
хомут	муж
хомяк	муж
хонда	жен
хорал	муж
хорда	жен
хорей	муж
хорея	жен
хорёк	муж
хохма	жен
хохол	муж
хохот	муж
хошун	муж
хрень	жен
хруст	муж
хряпа	жен
хряск	муж
хряст	муж
хуйня	жен
хунта	жен
хурал	муж
хурма	жен
хутба	жен
хутия	жен
хутор	муж
хэдер	муж
цадик	муж
цанга	жен
цапка	жен
цапля	жен
цапун	муж
цапфа	жен
царёк	муж
цахур	муж
цацка	жен
цвель	жен
цевка	жен
цевьё	ср
цедра	жен
цезий	муж
целик	муж
целла	жен
целое	ср
ценоз	муж
центр	муж
цепка	жен
цепня	жен
цеппа	жен
церва	жен
церий	муж
церит	муж
цехин	муж
цибик	муж
циган	муж
цикля	жен
цинаш	муж
цинга	жен
циник	муж
циста	жен
цитра	жен
цифра	жен
цокот	муж
цукат	муж
цуцик	муж
цыган	муж
цыпка	жен
чабан	муж
чабёр	муж
чадец	муж
чадка	жен
чадра	жен
чайка	жен
чайлд	муж
чакра	жен
чалка	жен
чалма	жен
чалый	муж
чарка	жен
часик	муж
часок	муж
часть	жен
чатни	жен
чашка	жен
чебак	муж
чекан	муж
чекер	муж
чепан	муж
чепец	муж
черва	жен
червь	муж
череп	муж
чернь	жен
черта	жен
черёд	муж
честь	жен
чехол	муж
чечен	муж
чечет	муж
чешир	муж
чешка	жен
чешуя	жен
чибис	муж
чижик	муж
чикли	муж
чилим	муж
чинар	муж
чинка	жен
чинук	муж
чирей	муж
чирок	муж
число	ср
читер	муж
читка	жен
читта	жен
чифир	муж
чобот	муж
чокер	муж
чокто	муж
чомга	жен
чрево	ср
чреда	жен
чтиво	ср
чтица	жен
чубук	муж
чувак	муж
чувал	муж
чуваш	муж
чувяк	муж
чугун	муж
чудак	муж
чудик	муж
чужак	муж
чужое	ср
чуйка	жен
чукча	общ
чулан	муж
чулок	муж
чумак	муж
чумка	жен
чурак	муж
чурек	муж
чурка	жен
чутьё	ср
чухна	общ
чучхе	ср
чушка	жен
чёбот	муж
чёлка	жен
чёска	жен
шабаш	муж
шабер	муж
шабли	ср
шабот	муж
шабёр	муж
шавка	жен
шажок	муж
шайба	жен
шайен	муж
шайка	жен
шакал	муж
шакша	жен
шалаш	муж
шалли	жен
шалот	муж
шалун	муж
шаман	муж
шамот	муж
шанди	ср
шанец	муж
шанкр	муж
шапка	жен
шарап	муж
шарик	муж
шарпи	жен
шасла	муж
шассе	ср
шасси	ср
шатен	муж
шатия	жен
шаттл	муж
шатун	муж
шатёр	муж
шафер	муж
шаффл	муж
шахид	муж
шахта	жен
шашка	жен
шваль	жен
шванк	муж
швара	жен
шварт	муж
шверт	муж
шевер	муж
шевро	ср
шеища	жен
шейка	жен
шекер	муж
шелеп	муж
шелом	муж
шельф	муж
шемая	жен
шериф	муж
шибер	муж
шизик	муж
шиизм	муж
шимми	муж
шинок	муж
шипик	муж
шипун	муж
ширма	жен
шитво	ср
шитик	муж
шитьё	ср
шифер	муж
шифон	муж
шихан	муж
шихта	жен
шишак	муж
шишка	жен
шкала	жен
шкало	ср
шквал	муж
шкерт	муж
шкода	общ
школа	жен
шкура	жен
шланг	муж
шлейф	муж
шлифт	муж
шлюха	жен
шляпа	общ
шмара	жен
шмель	муж
шнапс	муж
шнека	жен
шнява	жен
шняга	жен
шобла	жен
шодди	жен
шорец	муж
шорка	жен
шорня	жен
шорох	муж
шоссе	ср
шофер	муж
шофёр	муж
шошон	муж
шпага	жен
шпала	жен
шпана	жен
шпень	муж
шпиль	муж
шпинь	муж
шпион	муж
шпона	жен
шпора	жен
шприц	муж
шпрот	муж
шпуля	жен
шпунт	муж
шпынь	муж
шримс	муж
шрифт	муж
штамб	муж
штамм	муж
штамп	муж
штейн	муж
штерт	муж
штиль	муж
штифт	муж
штора	жен
шторм	муж
штраф	муж
штрек	муж
штрих	муж
штука	жен
штурм	муж
штырь	муж
шубка	жен
шугай	муж
шудра	муж
шуйца	жен
шулер	муж
шумер	муж
шумок	муж
шурин	муж
шурпа	жен
шуруп	муж
шуряк	муж
шутка	жен
шухер	муж
шушун	муж
шхера	жен
шхуна	жен
шёпот	муж
щебет	муж
щегол	муж
щенок	муж
щепка	жен
щипец	муж
щипка	жен
щипок	муж
щитик	муж
щиток	муж
щупик	муж
щурок	муж
щучка	жен
щёкот	муж
щёлка	жен
щёлок	муж
щётка	жен
щёчка	жен
эвенк	муж
эгида	жен
эгрет	муж
эдикт	муж
эйдос	муж
экзон	муж
экзот	муж
эклер	муж
экран	муж
эксод	муж
экшен	муж
элеат	муж
элинт	муж
элита	жен
эллин	муж
эмаль	жен
эмбол	муж
эммер	муж
энсин	муж
эозин	муж
эолит	муж
эоцен	муж
эпарх	муж
эпика	жен
эпонж	муж
эпоха	жен
эпюра	жен
эрбий	муж
эрзац	муж
эрика	жен
эркер	муж
эсдек	муж
эскер	муж
эскиз	муж
эссив	муж
эстет	муж
этвеш	муж
этика	жен
этнос	муж
эфиоп	муж
эшпай	муж
юдоль	жен
юзинь	муж
юзнет	муж
юкола	жен
юлиус	муж
юникс	муж
юниор	муж
юница	жен
юнкер	муж
юнкор	муж
юннат	муж
юноша	муж
юрист	муж
юферс	муж
ябеда	общ
ягель	муж
ягода	жен
ягуар	муж
яичко	ср
якорь	муж
ялапа	жен
ямаец	муж
ямина	жен
ямища	жен
ямщик	муж
ярица	жен
ярлык	муж
яруга	жен
ярыга	муж
ясень	муж
яство	ср
ястык	муж
ясырь	муж
ятвяг	муж
ятовь	жен
яхонт	муж
яшмак	муж
ёрник	муж
ёршик	муж
